body_part;exercise_name;preparation;execution
Neck;Cable Neck Flexion;Sit on bench facing away from middle pulley. Place neck in harness cable attachment. Place arms on lower thighs for support.;Move head away from pulley by bending neck forward until chin touches upper chest. Return head by hyperextending neck and repeat.
Neck;Cable Neck Flexion (with belt);Attach belt on low pulley cable by attaching carabiner on belt buckle. Grasp attached belt, face away from pulley, and place head in belt loop. With belt above ears, clamp belt snugly around head by tightly gripping ends close to back of mid-head. With neck braced and assistance of arm, lunge forward to angle torso forward with feet staggered. Place hand on lower thigh for support.;Pull head forward and down by flexing neck until chin touches upper chest. Return by hyperextending neck until head is angled upward. Repeat.
Neck;Cable Neck Rotation (with belt);Place workout chair or bench with vertical back support facing to one side near adjustable height cable pulley. Adjust pulley approximately height of head when seated. Attach belt on low pulley cable by attaching carabiner on belt buckle. Sit on bench, grasp attached belt from side. Face toward cable pulley and place head in belt loop. With belt above ears, clamp belt snugly around head by tightly gripping ends close forehead. Position torso upright with feet wide apart and hand nearest cable pulley on lower thigh for added support.;Turn head away from pulley cable by rotating head away from pulley. Turn head back toward cable pulley and repeat. Turn seat the opposite direction or attach belt to pulley on opposite side and continue with other side.
Neck;Cable Lateral Neck Flexion (with belt);Adjust pulley approximately height of neck or head when seated. Attach belt on low pulley cable by attaching carabiner on belt buckle. Sit on bench with pulley to one side and feet apart. Place head in belt loop. With belt above ears, clamp belt snugly around head by tightly gripping ends close to side of head. Pull torso upright by bracing opposite hand on far side of bench.;Pull head away from pulley cable by laterally flexing neck. Tilt head back toward cable pulley and repeat. Sit on bench the opposite direction and continue with other side.
Neck;Lever Neck Flexion (plate loaded);Sit on seat in machine. Position padded lever on face. Position body so neck is in line with lever axis. Grasp handles for support.;Move head forward by flexing neck until chin touches upper chest. Return head by hyperextending neck and repeat.
Neck;Lever Lateral Neck Flexion (plate loaded);Sit on seat in machine with feet apart . Position padded lever on side of head. Center body so neck is in line with lever axis. Grasp handles for support.;Move head down to side by laterally flexing neck. Return head to opposite side and repeat. Sit in machine backwards and continue with opposite side.
Neck;Lever Neck Flexion;Sit on seat in machine. Position padded lever on face. Position body so neck is in line with lever axis. Grasp handles for support.;Move head forward by flexing neck until chin touches upper chest. Return head by hyperextending neck and repeat.
Neck;Lever Lateral Neck Flexion;Sit on seat in machine with feet apart. Position side of head on padded lever. Center body so neck is in line with lever axis. Grasp handles for support.;Move head down to side by laterally flexing neck. Return head to opposite side and repeat. Sit in machine backwards and continue with opposite side.
Neck;Weighted Lying Neck Flexion;Place folded towel on weight plate(s). Lie supine on bench, head extending off of end of bench. Place plates on forehead with towel placed in between for comfort.;Move head up by flexing neck until chin touches upper chest. Return by hyperextending neck and repeat.
Neck;Weighted Neck Flexion;Place folded towel on weight plate. Lie supine perpendicular on bench with low back and hips extending off and feet on floor. Place weight and towel on forehead. Place plates on forehead with towel placed in between for comfort.;Move head up by flexing neck until chin touches upper chest. Return by hyperextending neck and repeat.
Neck;Weighted Lateral Neck Flexion;Place folded towel on weight plate. Lie on bench on side with knees and hips bent and arm hanging over edge. Position weight and towel on side of upper head. Hold weight on side of head with hand of upper arm. Place hand of lower arm on floor for support.;Move head up to side by laterally flexing neck. Lower head to opposite side and repeat. Lie on other side and continue.
Neck;Front Neck Bridge;Kneel on all fours on well cushioned mat. Place head on mat between hands. Rise and straighten knees. Fold hands behind low back or hips.;Roll back onto forehead until nose touches mat. Roll forward onto top of head until chin touches upper chest. Repeat.
Neck;Wall Front Neck Bridge;Place small or folded cushioned mat on wall or column approximately chest height. With hands supporting mat on each side stand back so feet are away from wall or column with body leaning forward. Place top of forehead on mat. Fold hands behind low back or hips.;Roll down onto forehead until nose touches mat. Roll up onto top of head until chin touches upper chest. Repeat.
Neck;Wall Side Neck Bridge;Place small or folded cushioned mat on column or at end of wall approximately shoulder height. With hands supporting mat, stand with side toward mat. Step far to side so feet are away from wall or column forward. Place side of head on mat with shoulder extending over end of adjacent side of column or wall so body leans to side. Fold hands behind low back or hips.;Push side of head into mat and roll onto top of head moving body away from mat. Return to original position by rolling back down to side of head while bringing shoulder back over end of column or wall. Repeat.
Neck;Neck Retraction Stretch;Stand or sit.;Pull head back as far possible while looking slightly down and hold stretch.
Neck;Neck Rotation Stretch;Stand or sit.;Turn head over shoulder to one side. Hold stretch. Repeat to other side.
Neck;Suspended Neck Flexion;Place belt or strap around end of suspension trainer. Face away from suspension trainer with belt in hand. Place belt around head above ears and clamp belt snugly around head by tightly gripping ends close to back of mid-head. Step forward until suspension trainer is taut. Lean forward at angle against support of belt and suspension trainer by stepping back slightly while keeping head and body straight.;Increase angle of body by bowing head until chin touches upper chest. Lower angle of body by raising head. Repeat.
Neck;Suspended Lateral Neck Flexion;Place belt or strap around end of suspension trainer. Hold belt in hand and stand away from suspension trainer so it hangs to one side. Place belt around head above ears and clamp belt snugly around head by tightly gripping ends close to head above ear closest to suspension trainer. Step further away from suspension trainer until it is taut. Lean away at angle against support of belt and suspension trainer by positioning feet closer to side of suspension trainer while keeping head and body straight.;Lower angle of body by tilting head to side of suspension trainer. Increase angle of body by tilting head away from side of suspension trainer. Repeat and continue in opposite position.
Neck;Cable Neck Extension;Sit on bench facing pulley. Place neck in harness cable attachment. Place forearms on lower thighs for support.;Move head away from pulley by hyperextending neck. Return by bending neck forward until chin touches upper chest. Repeat.
Neck;Cable Neck Extension (with belt);Sit on bench facing low pulley. Attach belt on low pulley cable by attaching carabiner on belt buckle. Place head in belt loop. With belt above ears, clamp belt snugly around head by tightly gripping ends close to forehead. Place other hand or forearm on lower thighs for support.;Pull head up and back by hyperextending neck. Return by bending neck forward until chin touches upper chest. Repeat.
Neck;Lever Neck Extension (plate loaded);Sit on seat in machine. Place back of head under padded lever. Position body so neck is in line with lever axis. Grasp handles for support.;Move head back by hyperextending neck. Return by bending neck forward until chin touches upper chest. Repeat.
Neck;Lever Neck Extension;Sit on seat in machine. Place back of head under padded lever. Position body so neck is in line with lever axis. Grasp handles for support.;Move head back by hyperextending neck. Return by bending neck forward until chin touches upper chest. Repeat.
Neck;Weighted Lying Neck Extension;Lie prone on bench with head extended off of end and folded towel and weight plate(s) on floor. With both hands, place plate(s) on back of head with towel placed in between for comfort.;Move head up by hyperextending neck up as high as possible. Return by bending neck down until chin touches upper chest. Repeat.
Neck;Weighted Neck Extension;Kneel on side of bench with weight plates on end of bench. With both hands, hold weight plate(s) cushioned with towel. Position upper body prone and perpendicular on bench with head and arms extending off of side. With both hands, place weight plate(s) on back of head with towel placed in between for comfort.;Move head up by hyperextending neck up as high as possible. Return by bending neck down until chin touches upper chest. Repeat.
Neck;Weighted Seated Neck Extension;Place folded towel on weight plate. On bench or stool, sit bent over on thighs. With both hands, place plate(s) on back of head with towel placed in between for comfort.;Move head up by hyperextending neck up as high as possible. Return by bending neck down until chin touches upper chest. Repeat.
Neck;Weighted Neck Harness Extension;Sit on bench with weighted neck harness on head. Allow weight to dangle in front by bending over.;Move head up by hyperextending neck. Return by bending neck down until chin touches upper chest. Repeat.
Neck;Rear Neck Bridge;Lying supine on well cushioned mat. Position feet very close to hips. Raise buttocks and low back slightly off of floor and fold hands on abdomen.;Extend hips and knees while pushing head back into floor. Roll back on head while arching spine high off of floor. Hyperextend neck back in attempt to bring forehead toward mat. Return body to close to mat until back of head and shoulders make contact with mat. Repeat.
Neck;Wall Rear Neck Bridge;undefined;undefined
Neck;Neck Extensor Stretch;Bow head forward with jaw shut. Depress chin into top of sternum.;Slightly turn head to one side. Hold stretch. Repeat to other side.
Neck;Suspended Neck Extension;undefined;undefined
Shoulders;Barbell Behind Neck Press;Grasp barbell with overhand grip from rack or clean from floor. Position bar behind neck.;Press bar upward until arms are extended overhead. Return behind neck and repeat.
Shoulders;Barbell Front Raise;Grasp barbell with overhand grip with elbows straight or slightly bent.;Raise barbell forward and upward until upper arms are above horizontal. Lower and repeat.
Shoulders;Barbell Incline Front Raise;Grasp barbell with shoulder width overhand grip. Lie supine on upper portion of 45 degree incline bench with legs straight. Position barbell on top of upper thighs.;With elbows straight or slightly bent, raise barbell up and over shoulders until uppers arm are vertical. Lower barbell to upper thigh and repeat.
Shoulders;Barbell Military Press;Grasp barbell from rack or clean barbell from floor with overhand grip, slightly wider than shoulder width. Position bar in front of neck.;Press bar upward until arms are extended overhead. Lower to front of neck and repeat.
Shoulders;Barbell Seated Military Press;Grasp barbell with slightly wider than shoulder width overhand grip from rack. Position bar near upper chest.;Press bar upward until arms are extended overhead. Return to upper chest and repeat.
Shoulders;Barbell Shoulder Press;Grasp barbell with slightly wider than shoulder width overhand grip from rack. Position bar near upper chest.;Press bar upward until arms are extended overhead. Return to upper chest and repeat.
Shoulders;Cable Bar Behind Neck Press;Stand facing cable bar, mounted on each side to upper waist height narrow double pulley cables. Grasp cable bar with wide overhand grip upper chest height. Stand directly between both cable pulleys with one foot forward and other foot back. Push cable bar over head and position cable bar behind neck or rest on shoulders.;Press cable bar upward until arms are extended overhead. Return behind neck and repeat.
Shoulders;Cable Bar Military Press;Stand facing cable bar, mounted on each side to upper waist height narrow double pulley cables. Grasp cable bar with overhand grip, slightly wider than shoulder width. Position cable bar upper chest height. Stand directly between both cable pulleys with one foot forward and other foot back.;Press cable bar upward until arms are extended overhead. Return to upper chest and repeat.
Shoulders;Cable Bar Shoulder Press;Stand facing cable bar mounted on each side to upper waist height narrow double pulley cables. Grasp cable bar with wide overhand grip and position upper chest height. Stand directly between both cable pulleys with one foot forward and other foot back.;Press cable bar upward until arms are extended overhead. Return to upper chest and repeat.
Shoulders;Cable Seated Front Raise;Sit on seat above twin cable pulleys. Grasp stirrups on each side. Sit upright with arms straight down to each side with palms facing back.;Raise stirrups forward and upward until upper arms are well above horizontal. Lower and repeat.
Shoulders;Cable Alternating Front Raise;Stand with low double pulleys behind. Grasp stirrup attachments, one in each hand. Stand away from pulley slightly with arms back somewhat at side and elbows straight or slightly bent.;Raise one stirrup forward and upward until upper arm is well above horizontal. Lower and repeat with opposite arm, alternating between arms.
Shoulders;Cable Alternating Seated Front Raise;Sit on seat above twin cable pulleys. Grasp stirrups on each side. Sit upright with arms straight down to each side with palms facing back.;Raise one stirrup forward and upward until upper arm is well above horizontal. Lower and repeat with opposite arm. Continue by alternating raises between sides.
Shoulders;Cable One Arm Front Raise;Grasp stirrup attachment. Stand away from pulley slightly with arm back somewhat at side and elbow straight or slightly bent.;Raise stirrup forward and upward until upper arm is well above horizontal. Lower and repeat. Repeat with opposite arm.
Shoulders;Cable One Arm Front Raise (with rope);Grasp end of Triceps Rope Cable attachment with one hand so that protruding end is in contact with side of hand (thumb and index finger). Stand away from pulley with arm back at side and elbow straight.;Raise stirrup forward and upward until arm is well above horizontal or cable makes contact with underside of upper arm. Lower and repeat. Repeat with opposite arm.
Shoulders;Cable Standing Shoulder Press;Stand between two low to medium height pulleys. Grasp cable stirrups from each side. Position stirrups to each side of shoulders with elbows down to sides and stirrups above or slightly narrower than elbows.;Push stirrups upward until arms are extended overhead. Return stirrups to sides of shoulders and repeat.
Shoulders;Cable Shoulder Press;Sit on seat and grasp stirrups from low to medium low position from each side. Position stirrups to each side of shoulders with elbows down to sides and stirrups above or slightly narrower than elbows.;Push stirrups upward until arms are extended overhead. Return stirrups to sides of shoulders and repeat.
Shoulders;Cable Twisting Overhead Press;Stand beside low to medium height pulley. Grasp cable stirrup. Position stirrup to front of shoulder with elbow down to side. Place opposite hand on hip. With feet wide apart, squat down slightly.;Rotate body away from pulley and straighten legs while pushing stirrup diagonally upward toward opposite side of body. Return to original position and repeat.
Shoulders;Dumbbell Arnold Press;Stand with two dumbbells position in front of shoulders, palms facing body and elbows under wrists.;Initiate movement by bringing elbows out to sides. Continue to raise elbows outward while pressing dumbbells overhead until arms are straight. Lower to front of shoulders in opposite pattern and repeat.
Shoulders;Dumbbell Front Raise;Grasp dumbbells in both hands. Position dumbbells in front of upper legs with elbows straight or slightly bent.;Raise dumbbells forward and upward until upper arms are above horizontal. Lower and repeat.
Shoulders;Dumbbell Alternating Front Raise;Grasp dumbbells in both hands. Position dumbbells in front of upper legs with elbows straight or slightly bent.;Raise one dumbbell forward and upward with until upper arm is above horizontal. Lower and repeat with opposite arm, alternating between arms.
Shoulders;Dumbbell Alternating Incline Front Raise;Grasp dumbbells and lie supine on upper portion of 45 degree incline bench with legs straight. Position dumbbells downward below each shoulder.;With elbows straight or slightly bent, raise one dumbbell forward, up and over shoulder until upper arm is vertical. Lower dumbbell down to starting position. Repeat raise with other arm, alternating between sides.
Shoulders;Dumbbell Shoulder Press;Position dumbbells to each side of shoulders with elbows below wrists.;Press dumbbells upward until arms are extended overhead. Lower to sides of shoulders and repeat.
Shoulders;Dumbbell One Arm Shoulder Press;Stand with dumbbells positioned near shoulder with elbow below wrists.;Press dumbbell upward until arm is extended overhead. Lower to side of shoulder and repeat.
Shoulders;Lever Behind Neck Press (plate loaded);Sit back on seat. Grasp lever bars to each side with overhand grip.;Press levers upward until arms are extended overhead. Lower and repeat.
Shoulders;Lever Barbell Behind Neck Press (plate loaded);Sit on bench with bar positioned behind shoulders, also facing away from fulcrum. Grasp bar with wide overhand grip. Disengage bar by rotating bar back.;Press bar upward until arms are extended overhead. Lower bar behind neck and repeat.
Shoulders;Lever Military Press (plate loaded);Set and grasp lever handles to each side with overhand grip.;Press lever until arms are extended upward. Lower and repeat.
Shoulders;Lever Reclined Shoulder Press (plate loaded);Lie on back pad facing up. Grasp lever handles on each side with overhand grip.;Press lever until arms are extended. Lower and repeat.
Shoulders;Lever Shoulder Press (plate loaded);Set and grasp lever handles to each side with overhand grip.;Press lever upward until arms are extended overhead. Lower and repeat.
Shoulders;Lever Barbell Shoulder Press (plate loaded);Sit on bench with bar positioned in front of shoulders. Grasp bar with wide overhand grip. Disengage bar by rotating bar back.;Press bar upward until arms are extended overhead. Lower bar to front of shoulders and repeat.
Shoulders;Lever One Arm Shoulder Press (plate loaded);Stand to one side, near loaded end of barbell, opposite of landmine lever. Lift end of barbell and position near shoulder with underhand grip. Stand with feet far apart (leg on same side of loaded arm is back and opposite leg is forward and bent).;Press end of barbell upward and forward until arm is extended. Lower to shoulder and repeat. Repeat with opposite side.
Shoulders;Lever One Arm Front Raise;Stand with lever to side, fulcrum approximately shoulder height and handle just below hip. Grasp lever handle with elbow straight or slightly bent.;Raise lever handle forward and upward until upper arm is well above horizontal. Lower and repeat. Repeat with opposite arm.
Shoulders;Lever Reclined Shoulder Press;Lie on back pad facing up. Grasp lever handles to each side with overhand grip.;Press lever until arms are extended. Lower and repeat.
Shoulders;Lever Reclined Parallel Grip Shoulder Press;Lie on back pad facing up. Grasp parallel lever handles on each side.;Press lever until arms are extended. Lower and repeat.
Shoulders;Lever Shoulder Press;Set and grasp lever handles to each side with overhand grip.;Press lever upward until arms are extended overhead. Lower and repeat.
Shoulders;Lever Shoulder Press (parallel grip);undefined;undefined
Shoulders;Lever Alternating Shoulder Press;Set and grasp lever handles to each side with overhand grip.;Press one lever upward until arm is extended overhead. Lower to original position. Repeat with opposite arm. Continue by alternating movement between arms.
Shoulders;Sled Shoulder Press;Set and grasp lever handles to each side with overhand grip.;Press handles upward until arms are extended overhead. Lower and repeat.
Shoulders;Sled Shoulder Press (parallel grip);Sit on seat and grasp parallel bar grips to front of shoulders on each side.;Press handles upward until arms are extended overhead. Lower and repeat.
Shoulders;Smith Behind Neck Press;Sit on bench with bar positioned behind shoulders. Grasp bar with wide overhand grip. Disengage bar by rotating bar back.;Press bar upward until arms are extended overhead. Lower bar behind neck and repeat.
Shoulders;Smith Shoulder Press;Sit on bench with bar positioned in front of shoulders. Grasp bar with wide overhand grip. Disengage bar by rotating bar back.;Press bar upward until arms are extended overhead. Lower bar to front of shoulders and repeat.
Shoulders;Handstand Push-up (between benches);Stand facing wall between two benches positioned side by side, slightly apart, and slightly away and perpendicular to wall. Place hands on ends of benches closest to wall. Place forefeet on bench and kick lower body up to handstand position with arms and legs straight. Maintain balance with lower body against wall.;Lower head between ends of benches by bending arms. Push body back up to original position by extending arms. Repeat.
Shoulders;Pike Press;Kneel on two benches positioned side by side slightly apart at end nearest head. Place hands on ends of benches. With forefeet on opposite ends of bench, raise rear end high up with arms, back, and knees straight. Adjust feet so they are somewhat close to hands while keeping back and legs straight.;Lower head between ends of benches by bending arms. Push body back up to original position by extending arms. Repeat.
Shoulders;Decline Pike Press;Stand between two incline benches positioned side by side slightly apart at end nearest head. Place hands on ends of benches and straighten arms. Position forefeet on opposite ends of bench. Raise rear end high up with arms, back, and knees straight.;Lower head between ends of benches by bending arms. Push body back up to original position by extending arms. Repeat.
Shoulders;Suspended Front Raise;Grasp suspension handles and momentarily step back until arms are extended forward and straight. While keeping arms straight and shoulders back, step forward so body reclines back behind suspension handles. Position body and legs straight at desired angle, hanging from handles with arms straight and palms facing downward.;Raise arms upward over head by flexing shoulders with arms straight. Return and lower body back until arms are extended straight forward in original position. Repeat.
Shoulders;Doorway Front Deltoid Stretch;Stand at end of wall or in doorway facing perpendicular to wall. Position palm on surface of wall slightly lower than shoulder. Bend elbow slightly.;Turn body away from positioned arm. Hold stretch. Repeat with opposite arm.
Shoulders;Lying Front Deltoid Stretch;Lie prone on mat and extend both arms out to sides. Position right arm slightly lower than shoulder. Also bend left knee.;Roll body onto right side by pushing left hand onto floor. Positioning bent left leg over straight right leg until stretch is felt. Hold stretch. Repeat in opposite position.
Shoulders;Seated Front Deltoid Stretch;Sit on floor or mat. Lean back and place hands flat on floor behind body slightly wider than shoulder width with fingers positioned away from body.;Scoot hips forward away from hands. Hold stretch.
Shoulders;PNF Seated Front Deltoid Stretch;Instruct participant to sit on floor or bench and place arms to behind hips. From behind, grasp participant's wrists, positioning them wider than shoulder width.;Continue to raise participant's arms upward behind their body, out to sides. Hold stretch.
Shoulders;Wall Front Deltoid Stretch;Face away from wall. Bend over and place hands slightly wider than shoulder width as high as possible on wall with fingers positioned upward.;Bring rear end and back toward wall and squat down. Hold stretch for 20 seconds.
Shoulders;Barbell Wide Grip Upright Row;Grasp bar with wide overhand grip.;Pull bar to neck with elbows leading. Allow wrists to flex as bar rises. Lower and repeat.
Shoulders;Cable Lateral Raise;With low pulleys to each side, grasp left stirrup with right hand and right stirrup with left hand. Stand upright.;With elbows slightly bent, raise arms to sides until elbows are shoulder height. Lower and repeat.
Shoulders;Cable One Arm Lateral Raise;Grasp stirrup cable attachment. Stand facing with side of resting arm toward low pulley. Grasp ballet bar if available.;With elbow slightly bent, raise arm to side away from low pulley until elbow is shoulder height. Lower and repeat.
Shoulders;Cable Lateral Raise (pulleys close);Stand facing two low pulleys positioned side by side. Grasp stirrups with each hand. Stand upright with arms staight down to each side.;With elbows slightly bent, raise arms to side until elbows are shoulder height. Lower and repeat.
Shoulders;Cable Seated Lateral Raise;Sit on seat above twin cable pulleys. Grasp stirrups on each side. Sit upright with arms nearly straight down to each side.;With elbows slightly bent, raise arms to side until elbows are shoulder height. Lower and repeat.
Shoulders;Cable Upright Row;Grasp cable bar with shoulder width or slightly narrower overhand grip. Stand close to pulley.;Pull bar to neck with elbows leading. Allow wrists to flex as bar rises. Lower and repeat.
Shoulders;Cable Bar Upright Row;Grasp cable bar with shoulder width or slightly narrower overhand grip. Stand close to cable bar.;Pull bar to neck with elbows leading. Allow wrists to flex as bar rises. Lower and repeat.
Shoulders;Cable One Arm Upright Row;Grasp stirrup on low pulley with overhand grip. Stand with side of arm with stirup away from pulley machine, arm against front of body. Place other hand on ballet bar or side of pulley column for support.;Pull stirup to front side of shoulder with elbow leading. Allow wrist to flex as stirrup is lifted. Lower and repeat.
Shoulders;Cable Upright Row (with rope attachment);Grasp each side of rope with overhand grip, just under rope ends. Stand close to pulley.;Pull rope ends to front of shoulders with elbows leading. Allow wrists to flex as stirrups are lifted. Lower and repeat.
Shoulders;Cable Wide Grip Upright Row;Grasp cable bar with wide overhand grip. Stand close to pulley.;Pull bar to neck with elbows leading. Allow wrists to flex as bar rises. Lower and repeat.
Shoulders;Cable Y Raise;Stand facing between low pulleys medium width apart, grasp left stirrup with right hand and right stirrup with left hand. Step back slightly away from pulleys and stand upright with cables crossed in front of hips.;With elbows slightly bent, raise arms upward and outward to sides in Y configuration until elbows are approximately lateral to each ear. Lower stirrups forward and downward in reverse pattern. Repeat.
Shoulders;Cable Seated Y Raise;On dual pulley seated row machine, sit slightly forward on seat or bench in order to grasp both cable attachments. Place feet on vertical platform. Position torso upright and slide hips back so knees are slightly bent.;Raise arms upward and outward to sides in Y configuration while allowing elbows to partially bend. Pull back until elbows are approximately lateral to each ear. Lower stirrups forward and downward until arms are extended straight in front of body. Repeat.
Shoulders;Cable Seated Y Raise (with rope attachment);Sit slightly forward on seat or bench and grasp ends of rope attachment with hand. Place feet on vertical platform. Slide hips back so knees are slightly bent.;With torso upright pull rope upward over head until elbows are approximately lateral to each ear. Lower stirrups forward and downward until arms are extended straight in front of body. Repeat.
Shoulders;Dumbbell Incline Lateral Raise;Grasp dumbbell in one hand. Lie on 30° to 45° incline bench with opposite side of body on incline, arm over top of bench, lower leg positioned on front side of seat, and upper leg on back side of seat. Position dumbbell inside of lower leg, just in front of upper leg.;Raise dumbbell from until upper arm is perpendicular to torso. Maintain slight fixed bend in elbow throughout exercise. Lower dumbbell to front of upper leg and repeat.
Shoulders;Dumbbell Lateral Raise;Grasp dumbbells in front of thighs with elbows slightly bent. Bend over slightly with hips and knees bent slightly.;Raise upper arms to sides until elbows are shoulder height. Maintain elbows' height above or equal to wrists. Lower and repeat.
Shoulders;Dumbbell One Arm Lateral Raise;Position dumbbell in front of pelvis with elbow slightly bent. Grasp stationary object with other hand for support. Bend over with hips and knees bent slightly.;Raise upper arm to side until elbow is shoulder height. Maintain elbow's height above or equal to wrist. Lower and repeat. Continue with opposite arm.
Shoulders;Dumbbell One Arm Seated Lateral Raise;Sit on stool or end of bench with legs together. Position dumbbell to side with elbow slightly bent. Angle torso slightly forward and place free hand on end of thigh for support.;Raise upper arm to side until elbow is shoulder height. Maintain elbow's height above or equal to wrist. Lower and repeat. Continue with opposite arm.
Shoulders;Dumbbell Lying Lateral Raise;Lie on side with legs separated for support. Grasp dumbbell in front of thigh.;Raise dumbbell from floor until arm is vertical. Maintain fixed elbow position (10° to 30° angle) throughout exercise. Lower and repeat.
Shoulders;Dumbbell Raise;Stand and grasp dumbbells with arms to side, palms facing sides of thighs.;Pull dumbbells up to sides of ribs with elbows out to sides. Lower and repeat.
Shoulders;Dumbbell Upright Row;Grasp dumbbells and stand with palms facing front of thighs.;Pull dumbbells to front of shoulder with elbows leading out to sides. Allow wrists to flex as dumbbells rise upward. Lower and repeat.
Shoulders;Dumbbell One Arm Upright Row;Grasp dumbbells with palms facing front of thighs. Position other hand for support.;Pull dumbbell to front of shoulder with elbow leading. Allow wrist to flex as dumbbell rises upward. Lower and repeat. Continue with opposite arm.
Shoulders;Dumbbell Seated Upright Row;Sit on end of bench with legs far apart. Grasp dumbbell between legs with arm vertical under shoulder. Position torso slightly forward with hand on knee for support.;Pull dumbbell to front of shoulder with elbow leading out to side. Allow wrists to flex as dumbbell rises upward. Lower and repeat.
Shoulders;Lever Barbell Upright Row (plate loaded);Stand behind bar mid-thigh height, facing away from from fulcrum. Grasp bar with shoulder width or slightly narrower overhand grip. Disengage bar by rotating bar back and stand upright.;Pull bar to neck with elbows leading. Allow wrists to flex as bar rises. Lower and repeat.
Shoulders;Lever Lateral Raise (plate loaded);Sit in machine. Situate bent arms between padded lever and sides of body.;Raise arms to sides until upper arms are horizontal. Return and repeat.
Shoulders;Lever Lateral Raise;Sit in machine. Situate bent arms between padded lever and sides of body. Grasp handles if available.;Raise arms to sides until upper arms are horizontal. Return and repeat.
Shoulders;Lever Extended Arm Lateral Raise;Stand facing machine and grasp lever handles to each side with elbows straight or slightly bent.;Raise lever handles to sides until elbows are shoulder height. Maintain elbows' height above or equal to wrists. Lower and repeat.
Shoulders;Lever Extended Arm Kneeling Lateral Raise;Kneel on shin pads facing machine and grasp lever handles to each side with elbows straight or slightly bent.;Raise lever handles to sides until elbows are shoulder height. Maintain elbows' height above or equal to wrists. Lower and repeat.
Shoulders;Lever Lateral Raise;Sit in machine. Situate bent arms between padded lever and sides of body. Grasp handles if available.;Raise arms to sides until upper arms are horizontal. Return and repeat.
Shoulders;Smith Wide Grip Upright Row;Stand behind bar mid-thigh height. Grasp bar with wide grip overhand grip. Disengage bar by rotating bar back and stand upright.;Pull bar to neck with elbows leading. Allow wrists to flex as bar rises. Lower and repeat.
Shoulders;Fixed Bar Side Deltoid Stretch;Face stationary bar. Grasp stationary bar with one hand approximately chest height. Rotate body so upper arm is positioned across chest.;Turn body into upper arm. Hold stretch. Repeat with opposite arm.
Shoulders;Side Deltoid Stretch;Position arm across chest. Place opposite hand on elbow.;Push elbow toward chest. Hold stretch. Repeat with opposite arm.
Shoulders;Suspended Y Lateral Raise;Grasp suspension handles and momentarily step back until arms are extended forward and straight. While keeping arms straight and shoulders back, step forward so body reclines back behind suspension handles. Position body and legs straight at desired angle hanging from handles with arms straight and palms angled inward.;Raise arms upward and outward in shape of a Y while keeping arms straight. Return and lower body back in opposite motion until arms are extended straight forward in original position. Repeat.
Shoulders;Barbell Rear Delt Raise;Stand holding barbell behind thighs or hips with arms straight down to sides.;Pull barbell behind hips and low back up as far as possible allowing elbows to travel up behind body to each side. Flex wrists near top of movement so bar can be raised higher. Lower until arms and wrists are straight. Repeat.
Shoulders;Barbell Rear Delt Row;Bend knees slightly and bend over bar with back straight, approximately horizontal. Grasp bar with wide overhand grip.;Keeping upper arm perpendicular to torso, pull barbell up toward upper chest until upper arms are just beyond horizontal. Return and repeat.
Shoulders;Barbell Lying Rear Delt Row;Lie chest down on elevated bench. Grasp bar with wide overhand grip.;Keeping upper arm perpendicular to torso, pull barbell up toward upper chest until upper arms are just beyond parallel to floor. Return and repeat.
Shoulders;Cable Reverse Fly;Stand facing twin pulley cables positioned close together and approximately shoulder height. Grasp stirrup cable attachment in each hand. Step back away from machine so cable is taut. Stand with feet staggered. Point elbows outward with arms straight or slightly bent.;Pull stirrups out to sides, maintaining stiff elbow position throughout exercise. Return to original position and repeat.
Shoulders;Cable Seated Reverse Fly;Sit on seat facing twin pulley cables positioned approximately shoulder height. Grasp stirrup cable attachment in each hand. Straighten lower back upright so cable is taut. Point elbows outward with arms slightly bent.;Keeping elbows pointed high, pull stirrups out to sides, maintaining slightly bent elbow position throughout exercise. Return to original position and repeat.
Shoulders;Cable One Arm Reverse Fly;Stand with side to shoulder height cable pulley. Grasp stirrup cable attachment with hand furthest from pulley. Position arm across neck with elbow bent 30° to 45° outward.;Keeping elbows pointed high, pull stirrup out to side, maintaining fixed elbow position throughout exercise. Return to original position and repeat. Repeat with other arm.
Shoulders;Cable Supine Reverse Fly;With bench between two high pulleys to each side, grasp left stirrup with right hand and right stirrup with left hand. Lie on bench with pulleys to each side of shoulders. Arms should be crossed above upper chest with elbows slightly bent.;Pull upper arms down to sides until elbows are shoulder height. Maintain upper arms perpendicular to torso and fixed elbow position (just slightly bent) as arms are pulled down to sides. Return arms to original position and repeat.
Shoulders;Cable Rear Delt Row;Sit slightly forward on bench or platform in order to grasp cable bar attachment. With elbow width overhand grip, straighten torso upright and slide hips back until knees are only slightly bent.;Pull cable attachment toward upper chest, just below neck, with elbows up out to sides until elbows travel slightly behind back. Keep upper arms horizontal, perpendicular to trunk. Return until arms are extended and shoulders are stretched forward. Repeat.
Shoulders;Cable Standing Rear Delt Row (with rope);Stand facing rope attachment on high pulley cable. Grasp each end of rope just above enlarged ends. Step back with one foot so arms and shoulders are positioned straight forward with cable taut. Point elbows outward.;Pull rope to upper chest or neck, keeping elbows at shoulder height until elbows travel slightly behind back. Keep upper arms perpendicular to trunk. Return until arms are extended forward. Repeat.
Shoulders;Cable Rear Delt Row (stirrups);On dual pulley seated row machine, sit slightly forward on seat or bench in order to grasp both cable attachments. Place feet on vertical platform. Position torso upright and slide hips back until knees are only slightly bent and cable taut. Point elbows outward.;Pull stirrups out to sides, keeping elbows at shoulder height until elbows travel slightly behind back. Allow wrists to follow elbows. Keep upper arms horizontal, perpendicular to trunk. Return until arms are extended and shoulders are stretched forward. Repeat.
Shoulders;Cable Seated Rear Delt Row (stirrups);Sit on seat facing twin pulley cables positioned shoulder height. Grasp stirrup cable attachment in each hand. Straighten lower back upright so arms and shoulders are positioned straight forward with cable taut. Point elbows outward.;Pull stirrups out to sides, keeping elbows at shoulder height until elbows travel slightly behind back. Allow wrists to follow elbows. Keep upper arms horizontal, perpendicular to trunk. Return until arms are extended and shoulders are stretched forward. Repeat.
Shoulders;Cable Standing Rear Delt Row (stirrups);Stand facing twin pulley cables positioned shoulder height. Grasp stirrup cable attachment in each hand. Step back with one foot so arms and shoulders are positioned straight forward with cable taut. Point elbows outward.;Pull stirrups out to sides, keeping elbows at shoulder height until elbows travel slightly behind back. Allow wrists to follow elbows. Keep upper arms horizontal, perpendicular to trunk. Return until arms are extended and shoulders are stretched forward. Repeat.
Shoulders;Cable Rear Lateral Raise;Stand with cable columns to each side. Grasp left stirrup with right hand and right stirrup with left hand. Bend knees and bend over at hips, so torso is approximately horizontal with back straight. Point elbows outward with arms slightly bent.;Raise upper arms to sides until elbows are shoulder height. Maintain upper arms perpendicular to torso and slight bend in elbows as arms are raised to sides. Lower and repeat.
Shoulders;Cable One Arm Rear Lateral Raise;Stand with side to low pulley. Grasp stirrup attachment with hand furthest from pulley. Bend knees slightly and bend over with resting arm to side of low pulley.;Raise arm to side until elbow is shoulder height. Maintain upper arm perpendicular to torso and fixed elbow position (10° to 30° angle) throughout exercise. Lower and repeat. Repeat with other arm.
Shoulders;Cable Seated Rear Lateral Raise;Sit at edge of bench with feet of floor ahead of knees. Rest torso on thighs. Reach under legs and grasp stirrup cable attachments, right hand holding left stirrup, left hand holding right stirrup.;Pull stirrups out to sides until elbows are shoulder height. Maintain upper arms perpendicular to torso and fixed elbow position (10° to 30° angle) throughout exercise. Lower until arms contact sides of legs. Repeat.
Shoulders;Cable Standing Cross Row;Stand between two shoulder-high cable pulleys (adjustable cross-over machine). Grasp right stirrup with left hand and left stirrup with right hand. Step back until cables are angled back 30° to 45°. Position both elbows at height of shoulders, one over other.;Pull both cable attachments by moving elbows back to sides. Keep upper arms horizontal, perpendicular to trunk. Return and repeat.
Shoulders;Cable One Arm Standing Cross Row;Facing shoulder height cable pulley, grasp stirrup cable attachment with one hand, palm orientated down. Step back and turn body inward about 30° to 45° to face extended arm about. Stand back just enough to allow arm to be fully extended with weight raised up slightly.;Pull stirrup back with elbow up at shoulder height until elbow travels just behind shoulder. Keep upper arm horizontal, perpendicular to trunk. Return until arm is fully extended. Repeat.
Shoulders;Dumbbell Lying Rear Delt Row;Lie chest down on elevated bench. Grasp dumbbells below.;Keeping upper arm perpendicular to torso and dumbbells just below elbows, pull dumbbells up until elbows are just above shoulders. Return and repeat.
Shoulders;Dumbbell Lying Rear Lateral Raise;Lie chest down on elevated bench. Grasp dumbbells below to each side.;Raise upper arms to sides until elbows are shoulder height. Maintain upper arms perpendicular to torso and fixed elbow position (10° to 30° angle) throughout exercise. Maintain height of elbows above wrists by raising "pinkie" side up. Lower and repeat.
Shoulders;Dumbbell Lying One Arm Rear Lateral Raise;With dumbbell in one hand, lie chest down on elevated bench. Position palm forward (thumb up) with elbow straight or slightly bent.;Raise upper arm to side until elbow is shoulder height. Maintain upper arms perpendicular to torso with elbow straight throughout exercise. Maintain palm forward position. Lower and repeat.
Shoulders;Dumbbell Rear Lateral Raise;Grasp dumbbells to each side. Bend knees and bend over through hips with back flat, close to horizontal. Position elbows with slight bend and palms facing together.;Raise upper arms to sides until elbows are shoulder height. Maintain upper arms perpendicular to torso and fixed elbow position (10° to 30° angle) throughout exercise. Maintain height of elbows above wrists by raising "pinkie finger" side up. Lower and repeat.
Shoulders;Dumbbell Rear Delt Row;Kneel over side of bench with arm and leg to side. Grasp dumbbell.;Pull dumbbell up out to side with upper arm perpendicular to trunk until upper arm is just beyond horizontal. Lower and repeat.
Shoulders;Dumbbell Seated Rear Lateral Raise;Sit on edge of bench with feet placed beyond knees. Bend over and rest torso on thighs. Grasp dumbbells with each hand under legs. Position elbows with slight bend with palms facing together behind ankles (as shown) or just to sides of ankles.;Raise upper arms to sides until elbows are shoulder height. Maintain upper arms perpendicular to torso and fixed elbow position (10° to 30° angle) throughout exercise. Maintain elbows height above wrists by raising "pinkie finger" side up. Lower and repeat.
Shoulders;Lever Incline Rear Delt Row (plate loaded);Lie chest low on inclined platform and grasp forward lever handles with wide overhand grip.;Pull lever with elbows forward out to sides until upper arms are just beyond parallel, keeping upper arm perpendicular to torso. Return and repeat.
Shoulders;Lever Lying Rear Lateral Raise (plate loaded);Lie on machine with chest against padding. Position arms between padded lever arms with elbows below shoulders.;Pull arms up until elbows are beyond back. Return and repeat.
Shoulders;Lever Rear Delt Raise (plate loaded);Stand between lever handles facing away from machine. Squat down and grasp lever handles to each side. Stand up with arms straight to sides.;Pull lever up as far as possible allowing elbows to travel up behind body to each side. Lower until arms are straight and repeat.
Shoulders;Lever Seated Rear Delt Row (plate loaded);Place seat at low position. Sit on seat with chest against pad and grasp upper handles.;Pull lever with elbows up out to sides until upper arms are just beyond parallel, keeping upper arm horizontal, perpendicular to torso. Return and repeat.
Shoulders;Lever Seated Rear Delt Row (plate loaded);Place seat at low position. Sit on seat with chest against pad and grasp upper handles.;Pull lever with elbows up out to sides until upper arms are just beyond parallel, keeping upper arm horizontal, perpendicular to torso. Return and repeat.
Shoulders;Lever Seated Rear Lateral Raise (plate loaded);Sit on seat with feet placed on platform ahead of knees. Rest torso on thighs. Reach under legs and grasp lever handles on each side.;Pull lever handles out to sides until elbows are shoulder height. Maintain upper arms perpendicular to torso and fixed elbow position (10° to 30° angle) throughout exercise. Lower and repeat.
Shoulders;Lever T-Bar Rear Delt Row (plate loaded);Straddle lever bar facing handles. Bend knees slightly and bend over handles with back straight. Grasp wide grip handles with overhand grip. With arms extended, position torso just high enough to allow weight to make contact with floor.;With elbows out to sides, pull bar up toward upper chest until elbows are same height as shoulders or just beyond, keeping upper arm perpendicular to torso. Return and repeat.
Shoulders;Lever Lying Rear Lateral Raise;Lie on machine with chest against padding. Position arms between padded lever arms with elbows below shoulders.;Pull arms up until elbows are beyond back. Lower and repeat.
Shoulders;Lever Rear Lateral Raise (on lateral raise machine);Stand on platform facing lateral raise machine. Bend knees and bend over at hips with back flat close to horizontal. With elbows bent under shoulders, position back of upper arms against arm pads.;Maintaining torso position, raise upper arms to sides until elbows are shoulder height. Lower and repeat.
Shoulders;Lever Rear Lateral Raise (on extended arm kneeling lateral raise machine);Stand on platform facing lateral raise machine. Bend knees and bend over at hips with back flat close to horizontal. With arms straight or slightly bent, grasp lever handles with each hand.;Maintaining torso position, raise handles to sides until upper arm is shoulder height. Lower and repeat.
Shoulders;Lever Seated Rear Delt Row;Place seat at low position. Sit on seat with chest against pad and grasp upper handles.;Pull lever with elbows up out to sides until upper arms are just beyond parallel, keeping upper arm horizontal, perpendicular to torso. Return and repeat.
Shoulders;Lever Seated Reverse Fly (parallel grip);Sit on machine with chest against pad. Grasp parallel handles with thumbs up at shoulder height. Slightly bend elbows and internally rotate shoulders so elbows are also at height of shoulders.;Keeping elbows pointed high, pull handles apart and to rear until elbows are just behind back. Return and repeat.
Shoulders;Lever Seated Reverse Fly (gripless);Sit on machine with back against vertical pad and roller pads in front of body. Place feet forward on foot bars. Cross both arms in front of body situated between roller pads. Position arms one on top of another, shoulder height.;Pull arms apart and back until elbows are slightly beyond back. Return to starting position and repeat.
Shoulders;Lever Seated Reverse Fly (on pec deck);Sit on machine with chest against vertical pad. Position arms against padded lever arms at height of shoulders.;Pull arms back until elbows are beyond back. Return and repeat.
Shoulders;Lever Seated Reverse Fly (overhand grip);Sit on machine with chest against pad. Grasp horizontal handles with overhand grip at shoulder height. Internally rotate shoulders so elbows are also at height of shoulders.;Keeping elbows pointed high, pull handles apart and to rear until elbows are just behind back Return and repeat.
Shoulders;Lever Seated Reverse Fly (pronated parallel grip);Sit in machine with chest against pad. Grasp parallel handles from inside with thumbs down at shoulder height.;Keeping elbows pointed high, pull handles apart and to rear until elbows are just behind back. Return and repeat.
Shoulders;Smith Rear Delt Row;Stand near low smith bar. Bend knees and bend over bar with back straight. Grasp bar with wide overhand grip. Disengage bar by rotating bar back.;Keeping upper arm perpendicular to torso, pull bar up toward upper chest until upper arms are just beyond parallel to floor. Return and repeat.
Shoulders;Rear Delt Inverted Row;Stand facing waist to lower chest height horizontal bar. Grasp bar with wide overhand grip. Turn elbows outward to sides. Walk forward under bar while pulling upper chest close to bar. With heels on floor, position body at angle under bar with legs, hips and spine straight. Position forearms perpendicular to body, orientated forward. Also, position upper arms perpendicular to body, orientated to each side.;Lower body downward until arms are extended straight while keeping body straight and elbows high (upper arm perpendicular to torso). Pull body toward bar until upper arms are just beyond parallel to one another. Return and repeat.
Shoulders;Rear Delt Inverted Row (high bar);Stand facing lower to upper chest height horizontal bar. Step toward bar so chest makes contact. Grasp bar with wide overhand grip. Turn elbows outward to sides. Position feet forward on floor so body is reclined back with legs, hips and spine straight. Position forearms perpendicular to body, orientated forward. Also, position upper arms perpendicular to body, orientated to each side.;Lower body back until arms are extended straight while keeping body straight and elbows high (upper arm perpendicular to torso). Pull body toward bar until upper arms are just beyond parallel to one another. Return and repeat.
Shoulders;Rear Delt Inverted Row (on hips);Lay on back with belly under fixed horizontal bar. Bend knees and position feet on floor. Grasp bar with wide overhand grip. Turn elbows outward to sides.;undefined
Shoulders;Suspended Rear Delt Row;Grasp suspension handles and momentarily step back until arms are extended forward and straight. While keeping arms straight and shoulders back, step forward so body reclines back behind suspension handles.
Shoulders;Suspended Reverse Fly;Grasp suspension handles and momentarily step back until arms are extended forward and straight. While keeping arms straight and shoulders back, step forward so body reclines back behind suspension handles. Position body and legs straight at desired angle hanging from handles with arms straight. Internally rotate shoulders so elbows are positioned directly outwards with arms straight or slightly bent. Shoulder should be positioned approximately 90° relative to torso position.;Pull handles out to sides while keeping stiff elbow position and maintaining shoulder at 90° plane to torso throughout exercise. Raise up until upper arms are in-line to one another. Return to original position in same plane and repeat.
Shoulders;Fixed Bar Rear Deltoid Stretch;Face stationary bar. Grasp stationary bar with one hand approximately face height. Rotate body so upper arm is positioned across neck.;Turn body into upper arm. Hold stretch. Repeat with opposite arm.
Shoulders;Rear Deltoid Stretch;Position arm across neck. Place opposite hand on elbow.;Push elbow toward neck. Hold stretch. Repeat with opposite arm.
Shoulders;Cable Front Lateral Raise;Grasp dumbbell cable attachment. Stand facing side with resting arm toward low pulley. Grasp ballet bar if available for support. Internally rotate shoulders so elbows point out to sides.;With elbow straight or slightly bent, raise upper arm away from low pulley to side, slightly to front (30°) until upper arm is shoulder height. Lower and repeat. Continue with opposite arm.
Shoulders;Cable Seated Front Lateral Raise;Sit on seat above twin cable pulleys. Grasp stirrups on each side. Sit upright with arms nearly straight down to each side. Internally rotate shoulders so elbows point out to sides.;With elbows straight or slightly bent, raise upper arm away from low pulley to side, slightly to front (30° to 45°) until upper arm is shoulder height or slightly higher. Lower and repeat.
Shoulders;Dumbbell Front Lateral Raise;Grasp dumbbell and position in front of thigh with arm straight. Turn pinkie finger side outward.;Raise arms to side, slightly to front until shoulder height or slightly higher. Lower and repeat. Continue with opposite arm.
Shoulders;Dumbbell Seated Front Lateral Raise;Sit on stool or end of bench with dumbbell. Position dumbbell down to side with arm straight. Turn pinkie finger side outward.;Raise arms to side, slightly in front until shoulder height or slightly higher. Lower and repeat. Continue with opposite arm.
Shoulders;Dumbbell Full Can Lateral Raise;Grasp dumbbells with each hand with palms facing forward.;Raise arms to side with thumb side up. Lower and repeat.
Shoulders;Dumbbell Lying Lateral Raise;Lie on side with legs separated for support. Grasp dumbbell in front of thigh.;Raise dumbbell from floor until arm is vertical. Maintain fixed elbow position (10° to 30° angle) throughout exercise. Lower and repeat.
Upper Arms;Machine-assisted Triceps Dip;Mount shoulder width dip bar, arms straight with shoulders above hands. Step down onto assistance lever. Keep hips and knees straight.;Lower body until slight stretch is felt in shoulders. Push body up until arms are straight. Repeat.
Upper Arms;Machine-assisted Triceps Dip (kneeling);Mount shoulder width dip bar, arms straight with shoulders above hands. Kneel on padded platform, lowering it down slightly so hips are slightly bent.;Lower body until slight stretch is felt in shoulders. Push body up until arms are straight. Repeat.
Upper Arms;Barbell Close Grip Bench Press;Lie on bench and grasp barbell from rack with shoulder width grip.;Lower weight to chest with elbows close to body. Push barbell back up until arms are straight. Repeat.
Upper Arms;Barbell Close Grip Incline Bench Press;Lie on bench with bar above chest. Grasp bar from rack with shoulder width or slightly narrower grip. Disengage bar by rotating bar back.;Lower weight to chest with elbows close to body. Push barbell up until arms are straight. Repeat.
Upper Arms;Barbell JM Bench Press;Lie on bench with back flat on bench and grasp barbell from rack with shoulder width or slightly narrower grip.;Lower in straight line toward neck while keeping elbows relatively high and bending them out to sides, approximately 45° from midline of body. Flex wrists slightly as bar is lowered as to keep weight of bar on base of palms. Pause when forearms mak e solid contact with biceps. Push barbell back up until arms are straight. Repeat.
Upper Arms;Barbell Lying Triceps Extension;Lie on bench with narrow overhand grip on barbell. Position barbell over forehead with arms extended.;Lower bar by bending elbows. As bar nears head, move elbows slightly back just enough to allow bar to clear around curvature of head. Extend arms. As bar clears head, reposition elbows to their former position until arms are fully extended. Repeat.
Upper Arms;Barbell Decline Triceps Extension;Lie on decline bench with narrow overhand grip on barbell. Position barbell over shoulders with arms extended.;Lower bar by bending elbows. As bar nears head, move elbows slightly back just enough to allow bar to clear around curvature of head. Extend arms. As bar clears head, reposition elbows to its former position until arms are fully extended. Repeat.
Upper Arms;Barbell Incline Triceps Extension;Lie on slightly incline bench with narrow overhand grip on barbell. Position barbell over shoulders with arms extended.;Lower bar by bending elbows. As bar nears head, move elbows slightly back just enough to allow bar to clear around curvature of head. Extend arms. As bar clears head, reposition elbows to their former position until arms are fully extended. Repeat.
Upper Arms;Barbell Lying Triceps Extension "Skull Crusher";Lie on bench with narrow overhand grip on barbell. Position barbell over shoulders with arms extended.;Lower bar to forehead by bending elbows. Extend arms and repeat.
Upper Arms;Barbell Triceps Extension;Sit on utility weight bench with barbell. Position barbell overhead with narrow overhand grip.;Lower barbell behind upper shoulders by flexing elbows allowing forearms to travel behind upper arms with elbows remaining overhead. Raise barbell overhead by extending elbows until arms are positioned straight and vertical. Lower and repeat.
Upper Arms;Cable Bent-over Triceps Extension;Grasp cable bar from medium high pulley with narrow or shoulder width overhand grip. Turn body away from pulley apparatus and position turned cable bar behind neck. Bend over downward with cable bar positioned behind neck, gripped at each side. Lunge forward with one leg. Allow elbows to be pulled back under cable resistance.;Extend forearms forward until elbows are straight. Allow cable bar to return back over neck. Repeat.
Upper Arms;Cable Bent-over Triceps Extension (with rope attachment);Grasp rope attachment from medium high pulley. Turn body away from pulley apparatus and position turned rope attachment behind neck. Bend over downward with rope attachment positioned behind neck gripped at each side. Lunge forward with one leg. Allow elbows to be pulled back under cable resistance.;Extend forearms forward until elbows are straight. Allow cable bar to return back over neck. Repeat.
Upper Arms;Cable Forward Triceps Extension;Grasp stirrup from medium high pulley. Turn body away from pulley apparatus and position stirrup over shoulder with palms down. Step forward with one foot so cable is taut. Position elbow forward about shoulder height.;Push stirrup forward by extending forearm until elbow is straight. Allow stirrup to return back over shoulder. Repeat and repeat. Continue with opposite arm.
Upper Arms;Cable Incline Triceps Extension;Grasp cable bar from behind with narrow overhand grip. Position elbows overhead.;Extend forearm overhead until elbows are straight. Lower until forearms are against upper arms. Repeat.
Upper Arms;Cable Kneeling Triceps Extension;Grasp cable bar from middle pulley with narrow or shoulder width overhand grip. Turn body away from pulley apparatus with cable bar above head. Kneel before bench, bend over and place elbows on edge of bench. Maintain upper arms parallel with shoulders as low as possible.;Extend forearms over head until elbow are fully extended. Return and repeat.
Upper Arms;Cable Lying Triceps Extension;Lie on bench and grasp bar with narrow overhand grip. With arms extended, position bar over forehead.;Lower bar by bending elbow. As bar nears head, move elbows slightly back just enough to allow bar to clear around curvature of head. Extend arm. As bar clears head, reposition elbows to its former position until arm is fully extended. Repeat.
Upper Arms;Cable Decline Triceps Extension;Position legs under lower leg pad and lie back on bench. Grasp bar with narrow overhand grip. Position bar near forehead or top of head.;Extend elbows to raise bar attachment until arms are straight. As arms extended, position them vertically. Lower bar by bending elbows. As bar nears head, reposition elbows back just enough to allow bar to clear around curvature of head. Repeat.
Upper Arms;Cable Pushdown;Face high pulley and grasp cable attachment with narrow overhand grip. Position elbows to side.;Extend arms down. Return until forearm is close to upper arm. Repeat.
Upper Arms;Cable Bar Pushdown;Position adjustable pulleys slightly above head. Face cable bar and grasp with overhand narrow grip. Position elbows to side.;Extend arms down. Return until forearm is close to upper arm. Repeat.
Upper Arms;Cable Pushdown (forward leaning);Face high pulley and grasp revolving bar cable attachment with overhand grip. Position one leg back and bend forward leg with body leaning forward. Position revolving bar down in front of face with forearms nearing vertical.;Push cable bar downward by extending arms until elbows are straight. Return to front of face until forearms are nearly vertical and close to upper arm. Repeat.
Upper Arms;Cable Incline Pushdown;Lie on incline bench facing away from high pulley. Grasp cable attachment overhead with overhand narrow grip. Position elbow to sides, slightly up.;Extend arms with elbows stationary. Return until forearm is close to upper arm. Repeat.
Upper Arms;Cable One Arm Pushdown;Grasp dumbbell cable attachment with underhand grip. Position elbow to side.;Extend arm down. Return until forearm is close to upper arm. Repeat. Continue with opposite arm.
Upper Arms;Cable Pushdown (with back support);Place back against vertical back support. Grasp cable attachment from high pulley with narrow overhand grip. Position elbows to side.;Extend arms down. Return until forearm is close to upper arm. Repeat.
Upper Arms;Cable Pushdown (with rope attachment);Face high pulley and grasp rope attachment with clinched hands side by side (palms in). Position elbows to side.;Extend arms down. Turn palms down at bottom. Return until forearm is close to upper arm and hands are in original position. Repeat.
Upper Arms;Cable Pushdown (with V-bar);Face high pulley and grasp V-bar attachment with narrow overhand grip. Position elbows to side.;Extend arms down. Return until forearm is close to upper arm. Repeat.
Upper Arms;Cable Side Triceps Extension;Grasp stirrup from medium high pulley. Turn body so pulley is to side of free arm while lifting stirrup over head. Step forward, just slightly to allow stirrup to be placed behind head, just over shoulder. Place elbow just slightly higher than shoulder height and position palm down.;Push stirrup out to side by extending forearm until elbow is straight. Allow stirrup to return back over shoulder. Repeat and repeat. Continue with opposite arm.
Upper Arms;Cable Triceps Dip;Step between shoulder width dip bars with dip belt around waist. Kneel as close to low pulley and attach cable to dip belt. Stand up and mount dip bar, arms straight with shoulders above hands. Keep hips straight.;Lower body by bending arms until slight stretch is felt in shoulders. Push body up until arms are straight. Repeat.
Upper Arms;Cable Triceps Extension;Stand or sit on bench or seat with back support just below shoulders. Position cable bar behind neck or shoulders with narrow overhand grip. Position elbows overhead.;Raise cable bar overhead by extending elbows until arms are positioned straight and vertical. Lower cable bar behind neck by flexing elbows allowing forearms to travel behind upper arms with elbows remaining overhead. Repeat.
Upper Arms;Cable One Arm Triceps Extension (pronated grip);Grasp stirrup cable attachment from behind. Place hand with cable behind neck; palm toward neck and elbow positioned upward.;Extend arm upward. Return and repeat. Continue with opposite arm.
Upper Arms;Cable Triceps Extension (with rope);From low pulley cable, grasp ends of rope attachment just under enlarged ends. Raise one arm over head while turning body away from pulley. Face away from pulley with feet staggered. Position ends of ropes behind head or neck and elbows upward over head.;Raise ends of rope overhead by extending forearms until arms are straight. Lower rope attachment until forearms are against upper arms. Repeat.
Upper Arms;Dumbbell Kickback;Kneel over bench with arm supporting body. Grasp dumbbell. Position upper arm parallel to floor.;Extend arm until it is straight. Return and repeat. Continue with opposite arm.
Upper Arms;Dumbbell Lying Triceps Extension;Lie on bench and position dumbbells over head with arms extended.;Lower dumbbells by bending elbow until they are to sides of head. Extend arm. Repeat.
Upper Arms;Dumbbell Decline Triceps Extension;Lie on decline bench and position dumbbells over shoulders with arms extended.;Lower dumbbells by bending elbow until they are to sides of head; dumbbells touch shoulder. Extend arm. Repeat.
Upper Arms;Dumbbell Incline Triceps Extension;Lie supine on incline bench with back of head on upper corner of bench. Position dumbbells over head with arms extended.;Lower dumbbells by bending elbow until they are to sides of head. Extend arm and repeat.
Upper Arms;Dumbbell One Arm Triceps Extension;Sit on seat with back support just below shoulder height. Position dumbbell overhead with arm straight up or slightly back.;Lower dumbbell behind neck or shoulder while maintaining upper arm's vertical position throughout exercise. Extend arm until straight. Return and repeat. Continue with opposite arm.
Upper Arms;Dumbbell One Arm Triceps Extension (on bench);Position dumbbell behind neck with elbow positioned upward.;Extend arm until straight while maintaining upper arm's vertical position throughout exercise. Return until dumbbell is behind neck or shoulder and repeat. Continue with opposite arm.
Upper Arms;Dumbbell Triceps Extension;Position one dumbbell over head with both hands under inner plate (heart shaped grip).;With elbows over head, lower forearm behind upper arm by flexing elbows. Flex wrists at bottom to avoid hitting dumbbell on back of neck. Raise dumbbell over head by extending elbows while hyperextending wrists. Return and repeat.
Upper Arms;Lever Close Grip Bench Press (plate loaded);Lie on bench with lever handles above sides of chest. Grasp handles with narrow overhand grip just above each side of chest.;Press lever up until arms are extended. Return weights down to starting position. Repeat.
Upper Arms;Lever Barbell Close Grip Bench Press (plate loaded);Lie on bench with bar above chest and grasp bar with shoulder width or slightly narrower grip. Disengage bar by rotating bar back.;Lower weight to chest with elbows close to body. Push barbell back up until arms are straight. Repeat.
Upper Arms;Lever Triceps Extension (plate loaded);Sit on seat. Place forearms on lever pad and back of upper arms, parallel on padding with elbows in line with lever's fulcrum.;Push lever down until arms are fully extended. Return and repeat.
Upper Arms;Lever Triceps Extension (no seat, plate loaded);Stand behind arm pad facing lever handles. Place one foot forward under arm pad and opposite foot back on foot bar. Grasp handles with narrow overhand grip. Squat down and position chest up against side of pad and back of upper arms on upper angled padded surface.;Push lever down until arms are fully extended. Return and repeat.
Upper Arms;Lever Triceps Dip (plate loaded);Sit upright on seat. If possible, place handles in narrow position. Grasp handles.;Push levers down with elbows pointing back. Allow lever bar to raise until shoulders are slightly stretched. Repeat.
Upper Arms;Lever Incline Triceps Extension;Sit on seat and lie back on back support. Push foot lever down with foot and grasp lever handles from behind. With lever handles behind head, place both feet on support or floor.;Push lever handles up over head until arms are fully extended. Return and repeat.
Upper Arms;Lever Overhead Triceps Extension;Sit on seat. Push foot lever down with foot and grasp lever handles from behind. With lever handles behind neck, place both feet on support or floor.;Push lever handles up over head until arms are fully extended. Return and repeat.
Upper Arms;Lever Pushdown;Sit on seat and grasp handles by shoulders. Position elbows to sides.;Push lever down beyond hips until arm is fully extended. Return and repeat.
Upper Arms;Lever Seated Close Grip Press;Sit on seat with chest at height of handles. Grasp handles with shoulder width or slightly narrower overhand grip, just against sides of chest; elbows somewhat down to sides.;Press lever until arms are extended. Return weight until forearm is against upper arm. Repeat.
Upper Arms;Lever Close Grip Incline Bench Press;Lie on incline bench with parallel lever bars close to sides of chest. Grasp handles with shoulder width grip.;Press lever until arms are ext ended. Return weight until wrists are at side of chest. Repeat.
Upper Arms;Lever Triceps Dip;If possible, place handles in narrow position. Sit on seat with back against pad. Grasp handles and position elbows back.;Push levers down by straightening arms downward. Allow lever bar to raise with elbows pointing back until shoulders are slightly stretched. Repeat.
Upper Arms;Lever Triceps Dip;If possible, place handles in narrow position. Sit on seat with legs under pads. Grasp handles and position elbows back.;Push levers down by straightening arms downward. Allow lever bar to raise with elbows pointing back until shoulders are slightly stretched. Repeat.
Upper Arms;Lever Overhand Triceps Dip;Sit on seat with back against pad. Gra sp end of handles with overhand grip and position elbows back.;Push levers down by straightening arms downward. Allow lever bar to raise with elbows pointing back until shoulders are slightly stretched. Repeat.
Upper Arms;Lever Triceps Extension;Sit on seat. Grasp handles and place back of upper arms parallel on padding with elbows approximately in line with lever's fulcrum.;Push lever down until arms are fully extended. Return until forearms contact upper arms. Repeat.
Upper Arms;Lever Triceps Extension;Sit on seat with arm pads apart to sides. Slide arm pads closer together to sides of the chest. Grasp handles and places back of upper arms on padding.;Push the lever down until arms are fully extended. Return until forearms contact upper arms. Repeat.
Upper Arms;Lever Alternating Triceps Extension;Sit on seat. Grasp handles and place back of upper arms on padding.;Push one lever out and down until arm is fully extended. Return until forearm contacts upper arm. Repeat with opposite arm. Continue alternating movement between arms.
Upper Arms;Smith Close Grip Bench Press;Lie on bench with bar above chest and grasp bar with shoulder width or slightly narrower grip. Disengage bar by rotating bar back.;Lower weight to chest with elbows close to body. Push bar back up until arms are straight. Repeat.
Upper Arms;Smith Close Grip Incline Bench Press;Lie on incline bench with bar above chest and grasp bar with shoulder width or slightly narrower grip. Disengage bar by rotating bar back.;Lower weight to chest with elbows close to body. Push bar back up until arms are straight. Repeat.
Upper Arms;Weighted Bench Dip;Sit on inside of one of two benches placed parallel, slightly less than leg's length away. Place hands on edge of bench. Straighten arms, slide rear end off of edge of bench and position heels on adjacent bench with legs straight. Have assistant place weight on lap near hips.;Lower body by bending arms until slight stretch is felt in chest or shoulder, or rear end touches floor. Raise body and repeat.
Upper Arms;Weighted Close Grip Push-up;Lie prone on floor with hands under shoulders or slightly narrower. Position body up off floor with extended arms and body straight. Partner can place weight plate(s) on back if needed.;Keeping body straight, lower body to floor by bending arms. Push body up until arms are extended. Repeat.
Upper Arms;Weighted Triceps Dip;Place weight on dip belt around waist or place dumbbell between lower legs just above feet. Mount shoulder width dip bar, arms straight with shoulders above hands. Keep hips straight.;Lower body until slight stretch is felt in shoulders. Push body up until arms are straight. Repeat.
Upper Arms;Bench Dip;Sit on inside of one of two benches placed parallel, slightly less than leg's length away. Place hands on edge of bench, straighten arms, slide rear end off of bench, and position heels on adjacent bench with legs straight.;Lower body by bending arms until slight stretch is felt in chest or shoulder, or rear end touches floor. Raise body and repeat.
Upper Arms;Bench Dip (knees bent);Sit on side of bench. Place hands on edge of bench. Place feet on floor away from bench. Straighten arms, slide rear end off of edge of bench, and position feet on floor with knees bent.;Lower body by bending arms until slight stretch is felt in chest or shoulder, or rear end touches floor. Raise body and repeat.
Upper Arms;Bench Dip (heels on floor);Sit on side of bench. Place hands on edge of bench. Position feet away from bench. Straighten arms, slide rear end off of edge of bench, and rest heels on floor with legs straight.;Lower body by bending arms until slight stretch is felt in chest or shoulder, or rear end touches floor. Raise body and repeat.
Upper Arms;Close Grip Push-up;Lie prone on floor with hands under shoulders or slightly narrower. Position body up off floor with extended arms and body straight.;Keeping body straight, lower body to floor by bending arms. Push body up until arms are extended. Repeat.
Upper Arms;Close Grip Push-up (on knees);Lie prone on floor with hands under shoulders or slightly narrower. Position body up off floor with extended arms and body straight.;Keeping body straight, lower body to floor by bending arms. Push body up until arms are extended. Repeat.
Upper Arms;Close Grip Push-up (on medicine ball);Kneel before medicine ball. Place hands on upper part of ball on each side. Balance upper body above ball with arms extended. Straighten body and place forefeet back, away from ball on floor shoulder width apart.;Keeping body straight, lower body by bending arms until chest touches ball. Push body up until arms are extended. Repeat.
Upper Arms;Close Grip Incline Push-up (on bar);Grasp horizontal bar (lower than chest height) with hands shoulder width or slightly narrower. Position forefeet back from bar with arms and body straight. Arms should be perpendicular to body.;Keeping body straight, lower chest to bar by bending arms. Push body up until arms are extended. Repeat.
Upper Arms;Suspended Triceps Extension (with rope);Grasp triceps rope hanging from secured bar (chest height or lower). Position forefeet on floor, back from bar with body straight. Elbows can be either be completely bent or straight during mount with upper arms somewhat perpendicular with body.;Keeping body straight, raise body up and back up until arms are extended. Lower body by bending elbows, allowing head to travel between ends of rope. Repeat.
Upper Arms;Triceps Dip;Mount shoulder width dip bar, arms straight with shoulders above hands. Keep hips straight.;Lower body until slight stretch is felt in shoulders. Push body up until arms are straight. Repeat.
Upper Arms;Triceps Dip (between benches);Stand between ends of two benches. Place hands on ends of benches with fingers off end of benches. Grip should be somewhat narrow. Position feet out in front with legs straight, heels on floor, and torso upright.;Lower body by bending arms, allowing elbows to point back. When slight stretch is felt in chest or shoulders, push body up until arms are straight. Repeat.
Upper Arms;Triceps Dip (bent knees between benches);Stand between ends of two benches. Place hands on ends of benches with fingers off ends of benches. Grip should be somewhat narrow. Position feet in front with legs bent and torso upright.;Lower body by bending arms, allowing elbows to point back. When slight stretch is felt in chest or shoulders, push body up until arms are straight. Repeat.
Upper Arms;Suspended Triceps Dip;Stand between two suspension handles and grasp handles on each side of torso. Hold position firmly and lift feet from floor.;Push body up until arms are straight. Lower body until slight stretch is felt in shoulders. Repeat.
Upper Arms;Suspended Self-assisted Triceps Dip;Stand between two suspension handles, approximately mid-thigh height. Grasp handles on each side and straighten arms with shoulders above hands. Holding position firmly and place bodyweight on handles. Place toes on floor behind with knees bent and feet back.;Lower body by bending arms back. If necessary, use minimal assistance of lower body to control descent, allowing knees to bend, keeping toes in contact with floor. When slight stretch is felt in chest or shoulders, push body up back up until arms are straight. Repeat with minimal assistance from legs.
Upper Arms;Suspended Triceps Extension;Grasp handles and step forward between suspension trainers. Position arms downward and slightly forward, nearly parallel with suspension straps. Lean forward, placing upper body weight onto handles with arms straight, while stepping back onto forefeet so body is leaning forward at desired angle. Straighten body, so torso is in-line with legs.;Lower body by bending elbows, allowing head to travel between suspension handles. Raise body up and back up until arms are extended. Repeat.
Upper Arms;Suspended Triceps Extension (with rope);Grasp triceps rope hanging from secured bar (chest height or lower). Position forefeet on floor, back from bar with body straight. Elbows can be either be completely bent or straight during mount with upper arms somewhat perpendicular with body.;Keeping body straight, raise body up and back up until arms are extended. Lower body by bending elbows, allowing head to travel between ends of rope. Repeat.
Upper Arms;Self-assisted Triceps Dip;Stand on bench or elevation between parallel bars. Mount shoulder width dip bar, arms straight with shoulders above hands. Bend knees and place toes on bench or elevation behind and below body.;Lower body by bending arms back. If necessary, use minimal assistance of lower body to control descent, allowing knees to bend, keeping toes in contact with bench or elevation. When slight stretch is felt in chest or shoulders push body up until arms are straight. Repeat with minimal assistance from legs.
Upper Arms;Overhead Triceps Stretch;Put one arm overhead. Position forearm as close as possible to upper arm. Grasp elbow overhead with other hand.;Pull elbow back and toward head. Hold stretch. Repeat with opposite arm.
Upper Arms;PNF Overhead Triceps Stretch;Instruct participant to stand or sit on floor, chair, or bench and place arm overhead. Standing behind participant, grasp their wrist and position their forearm against upper arm.;Pull participant's elbow behind their head while keeping forearm against upperarm. Hold stretch. Repeat with opposite arm.
Upper Arms;Towel Triceps Stretch;Grasp near end of towel or rope. Position towel behind head so towel dangles down behind body. Reach behind back or waist with opposite hand and grasp opposite end of towel. Position upper arm close to back side of head.;Pull towel downward with lower arm. Hold stretch. Repeat with opposite arm.
Upper Arms;Barbell Curl;Grasp bar with shoulder width underhand grip.;With elbows to side, raise bar until forearms are vertical. Lower until arms are fully extended. Repeat.
Upper Arms;Barbell Drag Curl;Grasp bar with shoulder width underhand grip.;Raise barbell straight up so elbows travel back as elbows flex. Follow contour of hips and waist. As elbows continues to flex, begin bringing elbows forward when forearms rises past horizontal position. Continue upward over chest until forearms are perpendicular. Lower until arms are fully extended. Repeat.
Upper Arms;Cable Alternating Curl;Stand between or facing double low pulleys. Grasp stirrups to each side, palms facing forward.;Pull one stirrup up forward and upward toward shoulder while keeping elbow stationary. Return until arm is fully extended. Repeat on other arm, alternating between sides.
Upper Arms;Cable Alternating Seated Curl;Sit on seat situated between two low pulleys down to each side. Grasp stirrups in each hand, palms facing forward.;Pull one stirrup up toward shoulder while keeping elbow stationary. Return until arm is fully extended. Repeat with other arm, alternating between sides.
Upper Arms;Cable Curl;Grasp low pulley cable bar with shoulder width underhand grip. Stand close to pulley.;With elbows to side, raise bar until forearms are vertical. Lower until arms are fully extended. Repeat.
Upper Arms;Cable Bar Curl;Grasp low cable bar with shoulder width underhand grip. Stand close to cable bar.;With elbows to side, raise bar until forearms are vertical. Lower until arms are fully extended. Repeat.
Upper Arms;Cable Curl (with stirrups);Stand between or facing double low pulleys. Grasp stirrups to each side, palms facing forward.;Pull stirrups forward and upward toward shoulders while keeping elbows stationary. Return until arms are fully extended. Repeat.
Upper Arms;Cable Seated Curl;Sit on seat situated between two low pulleys down to each side. Grasp stirrups in each hand, palms facing forward.;Pull both stirrups up toward shoulders while keeping elbows stationary. Return until arms are fully extended and repeat.
Upper Arms;Cable One Arm Curl;Face low pulley and grasp stirrup cable attachment to one side with underhand grip.;With elbow to side, raise bar until forearms are vertical. Lower until arms are fully extended. Repeat. Continue with opposite arm.
Upper Arms;Dumbbell Curl;Position two dumbbells to sides, palms facing in, arms straight.;With elbows to sides, raise one dumbbell and rotate forearm until forearm is vertical and palm faces shoulder. Lower to original position and repeat with opposite arm. Continue to alternate between sides.
Upper Arms;Dumbbell Incline Curl;Sit back on 45-60 degree incline bench. With arms hanging down straight, position two dumbbells with palms facing inward.;With elbows back to sides, raise one dumbbell and rotate forearm until forearm is vertical and palm faces shoulder. Lower to original position and repeat with opposite arm. Continue to alternate between sides.
Upper Arms;Lever Curl;Sit on seat and grasp handles with underhand grip.;Raise lever handles until elbows are fully flexed with back of upper arm remaining on pad. Lower handles until arm is fully extended. Repeat.
Upper Arms;Lever Alternating Curl;Sit on seat and grasp handles with underhand grip.;Raise lever on handle until elbow is fully flexed with back of upper arm remaining on pad. Lower handle until arm is fully extended. Repeat with opposite arm. Continue to alternate movement between sides.
Upper Arms;Chin-up;Step up and grasp bar with underhand shoulder width grip.;Pull body up until elbows are to sides. Lower body until arms and shoulders are fully extended. Repeat.
Upper Arms;Underhand Inverted Row;Lay on back under fixed horizontal bar. Grasp bar with shoulder width underhand grip.;Keeping body straight, pull body up to bar. Return until arms are extended and shoulders are stretched forward. Repeat.
Upper Arms;Underhand Inverted Row (high bar);Stand facing arms length away from waist to head height horizontal bar. Grasp bar with shoulder width underhand grip. Position body under bar with legs, hips and spine straight. Arms should be straight, approximately perpendicular to body. Heels should make contact with floor with feet about perpendicular to legs.;Keeping body straight, pull body up to bar. Return until arms are extended and shoulders are stretched forward. Repeat.
Upper Arms;Doorway Biceps Stretch;Stand at end of wall or in doorway facing perpendicular to wall. Position front of straight arm and palm on surface of wall. Situate arm around same height of shoulder with elbow positioned away from wall.;Turn body away from positioned arm. Hold stretch. Repeat with opposite arm.
Upper Arms;Seated Biceps Stretch;Sit on floor or mat. Lean back and place hands flat on floor close together behind body with fingers positioned away from body.;Scoot hips forward away from hands. Hold stretch.
Upper Arms;PNF Seated Biceps Stretch;Instruct participant to sit on floor or bench and place arms to behind hips. From behind, grasp participant's wrists, positioning them downward and close together.;Continue to raise participant's arms upward behind their body. Hold stretch.
Upper Arms;Standing Biceps Stretch;Clasp hands behind back with palms together. Straighten arms and rotate arms (inside down) so palm turn downward.;Raise arms away from body. Hold stretch.
Upper Arms;Wall Biceps Stretch;Face away from wall. Bend over and place hands close together as high as possible on wall with fingers positioned upward.;Bring rear end and back toward wall and squat down. Hold stretch for 20 seconds.
Upper Arms;Barbell Preacher Curl;Sit on preacher bench placing back of arms on pad. Grasp curl bar with shoulder width underhand grip.;Raise bar until forearms are vertical. Lower barbell until arms are fully extended. Repeat.
Upper Arms;Barbell Standing Preacher Curl;Placing back of arms on pad with one foot forward, grasp curl bar with shoulder width underhand grip.;Raise bar until forearms are vertical. Lower barbell until arms are fully extended. Repeat.
Upper Arms;Barbell Prone Incline Curl;Lie prone on incline bench with shoulders near top of incline. Knees can rest on seat or legs can be straddled to sides. From low rack or partner, grasp curl bar with shoulder width underhand grip.;Raise bar until arms are flexed. Lower barbell until arms are fully extended. Repeat.
Upper Arms;Cable Concentration Curl;Facing low pulley cable, sit on seat or bench with legs apart to each side. Grasp stirrup attachment. Place upper arm against inner thigh.;Pull stirrup to front of shoulder until elbow is completely flexed. Lower stirrup until arm is fully extended. Repeat. Continue with opposite arm.
Upper Arms;Cable Preacher Curl;Sit on preacher bench placing back of arms on pad. Grasp cable bar with shoulder width underhand grip.;Raise cable bar toward shoulders. Lower cable bar until arms are fully extended. Repeat.
Upper Arms;Cable Standing Preacher Curl;Stand behind preacher bench. Grasp cable bar with shoulder width underhand grip. Position back of arms on pad.;Raise cable bar toward shoulders. Lower cable bar until arms are fully extended. Repeat.
Upper Arms;Cable One Arm Standing Preacher Curl;Standing behind standing preacher bench and grasp cable stirrup. Place back of arm on pad with palm up.;Raise stirrup upward toward shoulder of same arm. Lower stirrup until arm is fully extended. Repeat.
Upper Arms;Cable One Arm Preacher Curl;Grasp cable stirrup. Sit on preacher bench placing back of arm on pad with palm up.;Raise stirrup upward toward shoulder of same arm. Lower stirrup until arm is fully extended. Repeat.
Upper Arms;Cable Preacher Curl (stirrups);Grasp cable stirrups with each hand. Sit on preacher bench placing back of arms on pad with palms up.;Raise both stirrups upward toward shoulders. Lower stirrups until arm is fully extended. Repeat.
Upper Arms;Cable Prone Incline Curl;Lie prone on incline bench with shoulders near top of incline. Knees can rest on seat or legs can be straddled to sides. Grasp cable attachment with shoulder width underhand grip.;Raise bar until arms are flexed. Lower barbell until arms are fully extended. Repeat.
Upper Arms;Dumbbell Concentration Curl;Sit on bench. Grasp dumbbell between feet. Place back of upper arm to inner thigh. Lean into leg to raise elbow slightly.;Raise dumbbell to front of shoulder. Lower dumbbell until arm is fully extended. Repeat. Continue with opposite arm.
Upper Arms;Dumbbell Preacher Curl;Grasp dumbbell and sit on preacher bench. With arm bent and palm facing shoulder, place back of arm down on pad.;Lower dumbbell until arm is fully extended. Raise dumbbell until forearm is vertical. Repeat. Continue with opposite arm.
Upper Arms;Dumbbell Standing Preacher Curl;With dummbell in hand, arm bent, and palm facing shoulder, place back of arm on pad.;Lower dumbbell until arm is fully extended. Raise dumbbell until forearm is vertical. Repeat. Continue with opposite arm.
Upper Arms;Dumbbell Prone Incline Curl;Lie prone on incline bench with shoulders near top of incline. Knees can rest on seat or legs can be straddled to sides. From elevated platform or partner, grasp dumbbell and position palms forward.;Raise dumbbells until arms are flexed. Lower dumbbells until arms are fully extended. Repeat.
Upper Arms;Lever Preacher Curl (plate loaded);Sit on curl machine placing back of arms on pad. Grasp lever handles with underhand grip. Align elbows at same pivot point as fulcrum of lever.;Raise lever handles toward shoulders. Lower handles until arms are fully extended. Repeat.
Upper Arms;Lever Preacher Curl (arms high, plate loaded);Sit on curl machine. Grasp lever handles with underhand grip. Align elbows at same pivot point as fulcrum of lever while placing back of arms up on pads.;Pull lever handles toward shoulders. Return handles until arms are fully extended. Repeat.
Upper Arms;Lever Alternating Preacher Curl (arms high, plate loaded);Sit on curl machine. Grasp lever handles with underhand grip. Align elbows at same pivot point as fulcrum of lever while placing back of arms up on pads.;Pull one lever handle toward shoulder. Return handle until arm is fully extended. Repeat with opposite arm. Continue alternating movement between arms.
Upper Arms;Lever Preacher Curl (no seat, plate loaded);Stand behind arm pad and face lever handles on opposite side. Place one foot forward under arm pad and opposite foot back on foot bar. Lean over arm pads and grasp handles with slightly narrower than shoulder width underhand grip. Squat down and position back of upper arms on arm pads.;Raise lever handles toward shoulders. Lower handles until arms are fully extended. Repeat.
Upper Arms;Lever Preacher Curl;Sit on curl machine placing back of arms on pad. Grasp lever handles with underhand grip. Align elbows at same pivot point as fulcrum of lever.;Raise lever handles toward shoulders. Lower handles until arms are fully extended. Repeat.
Upper Arms;Lever Preacher Curl (arms high);Sit on curl machine. Grasp lever handles with underhand grip. Align elbows at same pivot point as fulcrum of lever while placing back of arms up on pads.;Pull lever handles toward shoulders. Return handles until arms are fully extended. Repeat.
Upper Arms;Lever Alternating Preacher Curl (arms high);Sit on curl machine. Grasp lever handles with underhand grip. Align elbows at same pivot point as fulcrum of lever while placing back of arms up on pads.;Pull one lever handle toward shoulder. Return handle until arm is fully extended. Repeat with opposite arm. Continue alternating movement between arms.
Upper Arms;Lever Preacher Curl (no seat);Stand behind arm pad and face lever handles on opposite side. Place one foot forward under arm pad and opposite foot back on foot bar. Lean over arm pads and grasp handles with slightly narrower than shoulder width underhand grip. Squat down and position back of upper arms on arm pads.;Raise lever handles toward shoulders. Lower handles until arms are fully extended. Repeat.
Upper Arms;Suspended Arm Curl;Grasp suspension handles and momentarily step back until arms are extended forward and straight. While keeping arms straight and shoulders back, step forward so body is reclined back. Position palms up or slightly inward.;Bring handles toward shoulders by flexing arms, while keeping elbows pointed forward. Return by straightening arms and repeat.
Forearms;Barbell Reverse Curl;Grasp bar with shoulder width overhand grip.;With elbows to side, raise bar until forearms are vertical. Lower until arms are fully extended. Repeat.
Forearms;Barbell Reverse Preacher Curl;Sit on preacher bench placing back of arms on pad. Grasp curl bar with shoulder width overhand grip.;Raise bar until forearms are vertical. Lower barbell until arm is fully extended. Repeat.
Forearms;Barbell Standing Reverse Preacher Curl;Place back of arms on pad with one foot forward. Grasp curl bar with shoulder width underhand grip.;Raise bar until forearms are vertical. Lower barbell until arm is fully extended. Repeat.
Forearms;Cable Hammer Curl;Grasp cable rope with palms facing inward. Stand upright with arms straight down to sides.;With elbows to side, raise rope forward and upward with both arms until forearms are vertical. Lower until arms are fully extended. Repeat.
Forearms;Cable Reverse Curl;Grasp cable bar with shoulder width overhand grip.;With elbows to side, raise bar until forearms are vertical. Lower until arms are fully extended. Repeat.
Forearms;Cable Bar Reverse Curl;Grasp cable bar with shoulder width overhand grip. Stand close to cable bar.;With elbows to side, raise bar until forearms are vertical. Lower until arms are fully extended. Repeat.
Forearms;Cable Standing Reverse Preacher Curl;Stand behind preacher bench. Grasp cable bar with shoulder width overhand grip. Position back of arms on pad.;Raise cable bar toward shoulders. Lower cable bar until arm is fully extended. Repeat.
Forearms;Dumbbell Hammer Curl;Position two dumbbells to sides, palms facing in, arms straight.;With elbows to sides, raise one dumbbell until forearm is vertical and thumb faces shoulder. Lower to original position and repeat with alternative arm.
Forearms;Lever Hammer Preacher Curl;Sit on curl machine placing back of arms on pad. Grasp lever handles and position grips with thumb side up. Align elbows at near same pivot point as fulcrum of lever.;Raise lever handles toward shoulders, maintaining palms in grip. Lower handles until arm is fully extended. Repeat.
Forearms;Lever Reverse Curl;Sit on seat and grasp handles with overhand grip. Position elbows to sides so they are in line with lever's fulcrum.;Raise lever handles until elbows are fully flexed with back of upper arm remaining on pad. Lower handles until arm is fully extended. Repeat.
Forearms;Lever Reverse Preacher Curl;Sit on curl machine placing back of arms on pad. Grasp lever handles with overhand grip. Align elbows at near same pivot point as fulcrum of lever.;Raise lever handles toward shoulders. Lower handles until arm is fully extended. Repeat.
Forearms;Standing Brachioradialis Stretch;Cross wrists, point thumbs downward, and clasp hands.;Straighten arms and externally rotate shoulders by back. Hold stretch.
Forearms;Barbell Wrist Curl;Sit and grasp bar with narrow to shoulder width underhand grip. Rest forearms on thighs with wrists just beyond knees.;Allow barbell to roll out of palms down to fingers. Raise barbell back up by gripping and pointing knuckles up as high as possible. Lower and repeat.
Forearms;Cable Wrist Curl;Sit and grasp cable bar with narrow to shoulder width underhand grip. Rest forearms on thighs with wrists just beyond knees.;Allow cable bar to roll out of palms down to fingers. Raise cable bar back up by gripping and pointing knuckles up as high as possible. Lower and repeat.
Forearms;Cable One Arm Wrist Curl;Sit and grasp cable stirrup. Rest forearm on thigh with palm up and wrist just beyond knees.;Allow cable bar to roll out of palms down to fingers. Raise cable bar back up by gripping and pointing knuckles up as high as possible. Lower and repeat.
Forearms;Cable Roller Wrist Flexion;Stand behind weight plate(s) on floor and grasp wrist roller handle with both hands; over hand grip.;With left hand gripping handle, relax grip of right hand and slide grip behind handle (by hypexending wrist) and regrip. Relax grip of left hand and flex right wrist. Repeat sequence with opposite hands, alternating back and forth until weight plate has raised up near hands. Lower weight steadily with opposite movement.
Forearms;Dumbbell Wrist Curl;Sit and grasp dumbbell with underhand grip. Rest forearm on thigh with wrist just beyond knee.;Allow dumbbell to roll out of palm down to fingers. Raise dumbbell back up by gripping and pointing knuckles up as high as possible. Lower and repeat.
Forearms;Dumbbell Ulnar Deviation;Grasp half loaded dumbbell with plate on pinkie side. Position arm down to side.;Bend wrist so weighted side is pulled upward. Lower until weighted side is pointing downward. Repeat.
Forearms;Lever Grip (plate loaded);Sit on seat, straddling apparatus. Grasp lever handles on each side; fingers around lever handles and base of thumbs around stationary bars.;Squeeze bars together with both hands until lower lever makes contact with upper bars. Lower to original position and repeat.
Forearms;Lever Wrist Curl (plate loaded);Grasp bar with underhand grip. Place forearm on padded platform.;Raise bar up until wrist is fully flexed. Lower and repeat.
Forearms;Lever Grip;Sit on seat. Grasp lever handles on each side; fingers around lever handles and base of thumbs around stationary bars.;Squeeze bars together with both hands until lever makes contact with stationary bars. Lower to original position and repeat.
Forearms;Lever Ulnar Deviation;Rotate handle over and under so handle is in slightly downward position toward thighs. Grasp handle with thumb ups grip so fist is pulled up under resistance.;Bend wrist so pinky side of fist is pulled down. Return to starting position and repeat.
Forearms;Lever Wrist Curl;Grasp bar with underhand grip to each side. Place forearms on arm pads.;Raise handles up until wrist is fully flexed. Lower handles until wrists are full hyperextended. Repeat.
Forearms;Lever Roller Wrist Flexion;Grasp wrist roller handles with both hands; over hand grip.;With left hand gripping handle, relax grip of right hand and slide grip behind handle (by hypexending wrist) and regrip. Relax grip of left hand and flex right wrist. Repeat sequence with opposite hands, alternating back and forth until weight plate has raised up near hands. Lower weight steadily with opposite movement or loosen grip slightly to control descent of weight stack. Repeat.
Forearms;Lever Roller Ulnar Deviation;Place hands on knobs at each end of roller.;With left hand gripping knob, relax grip of right hand and slide grip upward so fingers are more over knob (by radial deviation) and regrip. Relax grip of left hand and rotate knob with right hand so thumb travels away from body (by ulnar deviation). Repeat sequence with opposite hands, alternating back and forth until weight plate has raised up near hands. Lower weight steadily with opposite movement or loosen grip slightly to control descent of weight stack.
Forearms;Sled One Hand Grip;Stand in front of apparatus. Grasp bar grips with one hand; fingers around far bar and base of thumb around near stationary bar.;Squeeze bar grips together until far bar makes contact with nearest bar. Release to original position and repeat.
